{"_step":0,"RealVideo":{"sha256":"2c6e53d827c2380c1b9109500eb62ad86ed34189d4af5cf8834fd9f791f6b712","size":5651,"path":"media/videos/RealVideo_0_2c6e53d827c2380c1b91.gif","width":24,"height":24,"_type":"video-file"},"_timestamp":1.7512319210316596e+09,"_runtime":21.278456292,"_wandb":{"runtime":22}}