{"_wandb":{"runtime":0},"train_loss":0.49,"val_accuracy":0.49,"epoch":1,"_timestamp":1.751222798625286e+09,"_runtime":0.757927216,"_step":1}