{"_runtime":0.714211865,"_step":1,"train_loss":0.49,"val_accuracy":0.49,"_wandb":{"runtime":0},"epoch":1,"_timestamp":1.7512218403279984e+09}