{"_step":1,"train_loss":0.49,"val_accuracy":0.49,"epoch":1,"_timestamp":1.7512239265922966e+09,"_runtime":0.714037276,"_wandb":{"runtime":0}}