{"_runtime":18.79528841,"_wandb":{"runtime":19},"_step":0,"RealVideo":{"sha256":"2c6e53d827c2380c1b9109500eb62ad86ed34189d4af5cf8834fd9f791f6b712","size":5651,"path":"media/videos/RealVideo_0_2c6e53d827c2380c1b91.gif","width":24,"height":24,"_type":"video-file"},"_timestamp":1.7512295578409243e+09}