{"_step":0,"_wandb":{"runtime":30},"RealVideo":{"size":5651,"path":"media/videos/RealVideo_0_2c6e53d827c2380c1b91.gif","width":24,"height":24,"_type":"video-file","sha256":"2c6e53d827c2380c1b9109500eb62ad86ed34189d4af5cf8834fd9f791f6b712"},"_timestamp":1.751231843533661e+09,"_runtime":27.402092673}