{"_wandb":{"runtime":2},"_step":0,"RealVideo":{"_type":"video-file","sha256":"2c6e53d827c2380c1b9109500eb62ad86ed34189d4af5cf8834fd9f791f6b712","size":5651,"path":"media/videos/RealVideo_0_2c6e53d827c2380c1b91.gif","width":24,"height":24},"_timestamp":1.751229840998893e+09,"_runtime":1.5090029980000002}