{"_step":2,"video_tensor":{"sha256":"5338044bbfa809d1a5d4b506024bdd5418749a8cbbbe747425f7e95d76287127","size":109,"path":"media/videos/video_tensor_2_5338044bbfa809d1a5d4.gif","width":24,"height":24,"_type":"video-file"},"_wandb":{"runtime":2},"train_loss":0.49,"val_accuracy":0.49,"epoch":1,"_timestamp":1.7512241283737516e+09,"_runtime":1.304285999}